MaDon,NgayBan,KhachHang,SanPham,SoLuong,DonGia,DoanhThu
JAN001,2026-01-05,Nguyen Van A,Ban phim,2,250000,500000
JAN002,2026-01-10,Tran Thi B,Chuot,1,150000,150000
JAN003,2026-01-15,Le Van C,USB,3,120000,360000
FEB001,2026-02-03,Pham Thi D,Tai nghe,2,450000,900000
FEB002,2026-02-12,Hoang Van E,Man hinh,1,3200000,3200000
FEB003,2026-02-20,Vo Thi F,USB,4,120000,480000
MAR001,2026-03-01,Nguyen Thi G,Ban phim,1,250000,250000
MAR002,2026-03-08,Tran Van H,Laptop,1,15000000,15000000
MAR003,2026-03-16,Le Thi I,Chuot,2,150000,300000
